{"ID": 18.017567567567568, "Reason for absence": 19.216216216216218, "Month of absence": 6.324324324324325, "Day of the week": 3.9148648648648647, "Seasons": 2.5445945945945945, "Transportation expense": 221.32972972972973, "Distance from Residence to Work": 29.63108108108108, "Service time": 12.554054054054054, "Age": 36.45, "Work load Average/day ": 271.49023513513515, "Hit target": 94.58783783783784, "Disciplinary failure": 0.05405405405405406, "Education": 1.2918918918918918, "Son": 1.018918918918919, "Social drinker": 0.5675675675675675, "Social smoker": 0.07297297297297298, "Pet": 0.745945945945946, "Weight": 79.03513513513514, "Height": 172.11486486486487, "Body mass index": 26.677027027027027}